{
  "hash": "e0851edc",
  "configHash": "c6514515",
  "lockfileHash": "7379ca38",
  "browserHash": "e0657193",
  "optimized": {
    "@angular/common": {
      "src": "../../../../../node_modules/@angular/common/fesm2022/common.mjs",
      "file": "@angular_common.js",
      "fileHash": "ad5a022e",
      "needsInterop": false
    },
    "@angular/core": {
      "src": "../../../../../node_modules/@angular/core/fesm2022/core.mjs",
      "file": "@angular_core.js",
      "fileHash": "6532d757",
      "needsInterop": false
    },
    "@angular/platform-browser": {
      "src": "../../../../../node_modules/@angular/platform-browser/fesm2022/platform-browser.mjs",
      "file": "@angular_platform-browser.js",
      "fileHash": "02be9063",
      "needsInterop": false
    },
    "@angular/router": {
      "src": "../../../../../node_modules/@angular/router/fesm2022/router.mjs",
      "file": "@angular_router.js",
      "fileHash": "2d4b63c3",
      "needsInterop": false
    },
    "@angular/common/http": {
      "src": "../../../../../node_modules/@angular/common/fesm2022/http.mjs",
      "file": "@angular_common_http.js",
      "fileHash": "9ce27a77",
      "needsInterop": false
    }
  },
  "chunks": {
    "chunk-AQBRZYHG": {
      "file": "chunk-AQBRZYHG.js"
    },
    "chunk-WN5WWXW3": {
      "file": "chunk-WN5WWXW3.js"
    },
    "chunk-AEJECAXF": {
      "file": "chunk-AEJECAXF.js"
    },
    "chunk-DW5SNYKA": {
      "file": "chunk-DW5SNYKA.js"
    }
  }
}